Status,Section,Element,Content
,,,
,,Section Headline,Demand generation and ABM infrastructure that feeds your pipeline
,,Section Subheadline,"Every system is built to generate real revenue. You get inbound and account-based marketing working together, connected to your sales workflows from day one. Say goodbye to lead management struggles and vanity metrics. "
,,,
,What You Get,,
,,Capability 1 Title,Inbound Lead Capture & Pipeline Generation
,,Capability 1 Description,"Every lead that hits your site gets de-anonymized, matched to target accounts, enriched, and routed into the right workflow. Visitor behavior and intent data trigger outreach workflows, turning passive interest into pipeline."
,,,
,,Capability 2 Title,Account-Based Marketing & ABM Programs
,,Capability 2 Description,"We build ABM programs that identify target accounts, create personalized multi-channel campaigns, and orchestrate outreach across sales and marketing. Your team focuses on the accounts that actually move the needle."
,,,
,,Capability 3 Title,"Account Scoring, Segmentation & Routing"
,,Capability 3 Description,"Your sales team will now work the highest-value opportunities first, every time. Accounts get scored by fit and intent, segmented into tiers, and routed to the right rep or sequence automatically."
,,,
,,Capability 4 Title,Inbound-Led Outbound Sequences
,,Capability 4 Description,"When someone shows intent, your system responds automatically. Website visits, content downloads, and event registrations trigger personalized outbound sequences that strike while the interest is real and hot."
,,,
,,Capability 5 Title,Paid Media Strategy & Audience Building
,,Capability 5 Description,Audience segments built from your actual pipeline data instead of broad targeting. Impressions don't mean much; we design every campaign to generate conversations and pipeline.
,,,
,,Capability 6 Title,Dynamic Landing Page Systems
,,Capability 6 Description,"Get landing pages that adapt to your visitors' profiles and sources. You'll also get personalized messaging, smart forms, and conversion tracking that ties back to revenue."
,,,
,,Capability 7 Title,ICP Research & Account Intelligence
,,Capability 7 Description,"Your ideal customer profile gets defined with data instead of assumptions. Firmographic analysis, technographic signals, and buying patterns that help you target the accounts most likely to close."
,,,
,,Capability 8 Title,Custom Marketing & Growth System Builds
,,Capability 8 Description,"Your demand gen approach shouldn't be a playbook. We build custom systems that match your market, your buyer journey, and your team's capacity. Everything integrates with what you already have."
,,,
,,Capability 9 Title,Social Listening & Competitive Tracking
,,Capability 9 Description,Your team knows when target accounts are talking about relevant problems or evaluating competitors. We capture buying signals and feed them into your outreach workflows automatically.
,,,
,,,
,,,
,,,
,What This Looks Like in Practice,,
,,Section Headline,From scattered campaigns to a demand and ABM engine
,,Before/After Note,[Visual: Before vs. After comparison]
,,Before 1,Leads come in but nobody acts on them fast enough
,,After 1,Every inbound lead gets enriched and routed in real time
,,Before 2,ABM means a list in a spreadsheet that nobody works
,,After 2,Target accounts get personalized multi-channel campaigns orchestrated across sales and marketing
,,Before 3,Paid media generates clicks but pipeline impact is unclear
,,After 3,Campaigns built on ICP data with full attribution back to revenue
,,Before 4,Post-event follow-up takes weeks or never happens
,,After 4,Event contacts get auto-enriched and sequenced within hours
,,,
,CTA Banner,,
,,Headline,Built to convert and compound.
,,Subheadline,"Think of it as service as a software. We build the actual infrastructure, the workflows, the integrations, the automations, and embed them directly inside your stack. Sales fills the pipe. Marketing creates and captures demand. RevOps keeps the data clean so both keep improving. The longer it runs, the better it gets."
,,CTA Button,Book a Strategy Call